{
  "method": "megapose",
  "results": {
    "lamp": {
      "status": "success",
      "position_error_cm": 138.659,
      "rotation_error_deg": 151.611,
      "add_cm": 138.6102,
      "add_diameter_cm": 13.5559,
      "add_success": false,
      "detection_time_s": 2.173,
      "estimation_time_s": 33.515,
      "total_time_s": 35.688,
      "n_detections_used": 8,
      "T_est": [
        [
          -0.38487210869789124,
          -0.13316842913627625,
          -0.9133124947547913,
          -0.09662552177906036
        ],
        [
          0.9085032939910889,
          -0.2291725128889085,
          -0.3494303524494171,
          -0.5512423515319828
        ],
        [
          -0.1627730131149293,
          -0.9642334580421448,
          0.20918607711791998,
          1.9377009868621826
        ],
        [
          0.0,
          0.0,
          0.0,
          1.0
        ]
      ],
      "T_gt": [
        [
          -0.40863668469155423,
          -0.9126901628088414,
          0.0035674411369348014,
          -0.620966
        ],
        [
          -0.405464361577072,
          0.18503666076968064,
          0.8951871791207151,
          -0.342511
        ],
        [
          -0.8176886396515439,
          0.3643598508112225,
          -0.44567610178427886,
          0.671156
        ],
        [
          0.0,
          0.0,
          0.0,
          1.0
        ]
      ]
    },
    "cone": {
      "status": "success",
      "position_error_cm": 192.563,
      "rotation_error_deg": 81.908,
      "add_cm": 197.9166,
      "add_diameter_cm": 14.9878,
      "add_success": false,
      "detection_time_s": 0.988,
      "estimation_time_s": 19.418,
      "total_time_s": 20.406,
      "n_detections_used": 8,
      "T_est": [
        [
          -0.9118209481239319,
          0.2355853170156479,
          0.33627691864967346,
          -0.0579056590795517
        ],
        [
          -0.15528386831283564,
          -0.9560462236404419,
          0.2487217038869859,
          -0.4507280886173251
        ],
        [
          0.38009142875671387,
          0.17457127571105968,
          0.9083255529403687,
          2.56740665435791
        ],
        [
          0.0,
          0.0,
          0.0,
          1.0
        ]
      ],
      "T_gt": [
        [
          0.2198866048643619,
          0.4624326011586333,
          0.8589563262395152,
          -0.491555
        ],
        [
          0.1147225014628715,
          -0.8866544354863605,
          0.44797618205711026,
          -0.179998
        ],
        [
          0.9687562276751183,
          3.7656660918261586e-05,
          -0.24801485826992392,
          0.710873
        ],
        [
          0.0,
          0.0,
          0.0,
          1.0
        ]
      ]
    },
    "redcup": {
      "status": "success",
      "position_error_cm": 104.651,
      "rotation_error_deg": 98.11,
      "add_cm": 105.6376,
      "add_diameter_cm": 13.6865,
      "add_success": false,
      "detection_time_s": 0.903,
      "estimation_time_s": 39.981,
      "total_time_s": 40.884,
      "n_detections_used": 8,
      "T_est": [
        [
          0.6921583414077759,
          0.41473108530044556,
          0.5906901955604553,
          -0.17876775562763214
        ],
        [
          -0.4560595225793228,
          0.8856450456891143,
          -0.08742157978079257,
          -0.822844525034121
        ],
        [
          -0.5593982128557555,
          -0.20888031555786155,
          0.8021486786585839,
          0.6845832851709484
        ],
        [
          0.0,
          0.0,
          0.0,
          1.0
        ]
      ],
      "T_gt": [
        [
          -0.652799236220772,
          0.17797386748525826,
          0.7363276849894453,
          -0.766106
        ],
        [
          0.16890361694335085,
          0.9817367658377434,
          -0.08754707754060789,
          0.0430321
        ],
        [
          -0.7384610520352648,
          0.06721774389837207,
          -0.6709374408483868,
          0.662863
        ],
        [
          0.0,
          0.0,
          0.0,
          1.0
        ]
      ]
    },
    "bottle": {
      "status": "success",
      "position_error_cm": 41.038,
      "rotation_error_deg": 149.143,
      "add_cm": 42.9735,
      "add_diameter_cm": 27.3601,
      "add_success": false,
      "detection_time_s": 0.865,
      "estimation_time_s": 35.524,
      "total_time_s": 36.389,
      "n_detections_used": 8,
      "T_est": [
        [
          -0.6428654196080461,
          -0.5357258910879841,
          -0.547468781768808,
          -0.6267032596112934
        ],
        [
          0.38461610674858104,
          -0.8438609242439268,
          0.37412494421005243,
          0.20738308131694738
        ],
        [
          -0.6624159474698951,
          0.029946667417117295,
          0.748537647408304,
          0.6793068530629249
        ],
        [
          0.0,
          0.0,
          0.0,
          1.0
        ]
      ],
      "T_gt": [
        [
          -0.672960780065305,
          0.7356702697013913,
          0.0768963118190904,
          -0.412714
        ],
        [
          0.5071328893044251,
          0.5345693338389885,
          -0.6760561070685525,
          -0.14204
        ],
        [
          -0.5384607888042008,
          -0.4159625963910971,
          -0.7328267853483084,
          0.7022
        ],
        [
          0.0,
          0.0,
          0.0,
          1.0
        ]
      ]
    },
    "crackerbox": {
      "status": "success",
      "position_error_cm": 463.703,
      "rotation_error_deg": 179.267,
      "add_cm": 452.115,
      "add_diameter_cm": 17.0107,
      "add_success": false,
      "detection_time_s": 0.962,
      "estimation_time_s": 271.109,
      "total_time_s": 272.07,
      "n_detections_used": 8,
      "T_est": [
        [
          0.5721509456634523,
          -0.7132068276405333,
          -0.4049435555934906,
          -0.0139558333903551
        ],
        [
          -0.27030120752518244,
          0.30217893622092956,
          -0.9141253745756018,
          4.30589311156644
        ],
        [
          0.774325955126662,
          0.6324744181772375,
          -0.019888704110298524,
          1.3975486445539507
        ],
        [
          0.0,
          0.0,
          0.0,
          1.0
        ]
      ],
      "T_gt": [
        [
          0.5555428939171442,
          -0.805942814807939,
          0.2045196134301585,
          -0.300405
        ],
        [
          -0.08037306532378397,
          0.19276647264378066,
          0.9779474716951488,
          -0.26738
        ],
        [
          -0.8275942625396964,
          -0.5597296367746945,
          0.04231394956093304,
          0.686777
        ],
        [
          0.0,
          0.0,
          0.0,
          1.0
        ]
      ]
    },
    "deodorant": {
      "status": "success",
      "position_error_cm": 108.107,
      "rotation_error_deg": 139.075,
      "add_cm": 109.9701,
      "add_diameter_cm": 17.8173,
      "add_success": false,
      "detection_time_s": 0.978,
      "estimation_time_s": 36.846,
      "total_time_s": 37.824,
      "n_detections_used": 8,
      "T_est": [
        [
          -0.5234454383397388,
          -0.2738346048668281,
          -0.8068578300917205,
          -0.6310059016557785
        ],
        [
          -0.22025106847286222,
          0.9582515954971312,
          -0.18232835829257946,
          0.21647590398788397
        ],
        [
          0.8231004734388473,
          0.08227234280419597,
          -0.5619046683387461,
          0.6735755870360018
        ],
        [
          0.0,
          0.0,
          0.0,
          1.0
        ]
      ],