{
  "method": "gdino_fp",
  "results": {
    "lamp": {
      "status": "success",
      "position_error_cm": 64.501,
      "rotation_error_deg": 94.464,
      "add_cm": 64.3533,
      "add_diameter_cm": 13.5559,
      "add_success": false,
      "detection_time_s": 1.161,
      "estimation_time_s": 13.546,
      "total_time_s": 14.707,
      "n_detections_used": 8,
      "T_est": [
        [
          -0.46514612436294556,
          0.26630914211273193,
          0.8442266583442688,
          -0.11076943576335907
        ],
        [
          0.7231350541114806,
          0.6643884778022767,
          0.18884834647178644,
          -0.7365303635597235
        ],
        [
          -0.5106022953987123,
          0.6983318328857421,
          -0.5016151666641235,
          0.6490964889526367
        ],
        [
          0.0,
          0.0,
          0.0,
          1.0
        ]
      ],
      "T_gt": [
        [
          -0.40863668469155423,
          -0.9126901628088414,
          0.0035674411369348014,
          -0.620966
        ],
        [
          -0.405464361577072,
          0.18503666076968064,
          0.8951871791207151,
          -0.342511
        ],
        [
          -0.8176886396515439,
          0.3643598508112225,
          -0.44567610178427886,
          0.671156
        ],
        [
          0.0,
          0.0,
          0.0,
          1.0
        ]
      ]
    },
    "cone": {
      "status": "success",
      "position_error_cm": 72.687,
      "rotation_error_deg": 172.659,
      "add_cm": 69.4571,
      "add_diameter_cm": 14.9878,
      "add_success": false,
      "detection_time_s": 0.595,
      "estimation_time_s": 13.006,
      "total_time_s": 13.601,
      "n_detections_used": 8,
      "T_est": [
        [
          -0.2570591866970062,
          0.1310347467660904,
          -0.9574710130691528,
          -0.07833173871040344
        ],
        [
          -0.39861083030700695,
          -0.916934072971344,
          -0.0184692237526178,
          -0.7586962580680853
        ],
        [
          -0.8803578615188599,
          0.3769105374813081,
          0.2879381477832794,
          0.560211181640625
        ],
        [
          0.0,
          0.0,
          0.0,
          1.0
        ]
      ],
      "T_gt": [
        [
          0.2198866048643619,
          0.4624326011586333,
          0.8589563262395152,
          -0.491555
        ],
        [
          0.1147225014628715,
          -0.8866544354863605,
          0.44797618205711026,
          -0.179998
        ],
        [
          0.9687562276751183,
          3.7656660918261586e-05,
          -0.24801485826992392,
          0.710873
        ],
        [
          0.0,
          0.0,
          0.0,
          1.0
        ]
      ]
    },
    "redcup": {
      "status": "success",
      "position_error_cm": 100.55,
      "rotation_error_deg": 45.29,
      "add_cm": 105.1436,
      "add_diameter_cm": 13.6865,
      "add_success": false,
      "detection_time_s": 0.592,
      "estimation_time_s": 13.658,
      "total_time_s": 14.25,
      "n_detections_used": 8,
      "T_est": [
        [
          -0.5656246542930603,
          0.7779273986816406,
          0.2736746072769165,
          -0.18570545315742493
        ],
        [
          0.6855180296296641,
          0.6280121892499312,
          -0.3683281379501515,
          -0.7779401299578534
        ],
        [
          -0.45840352914707677,
          -0.02072653638762424,
          -0.8885024658276369,
          0.67617728190152
        ],
        [
          0.0,
          0.0,
          0.0,
          1.0
        ]
      ],
      "T_gt": [
        [
          -0.652799236220772,
          0.17797386748525826,
          0.7363276849894453,
          -0.766106
        ],
        [
          0.16890361694335085,
          0.9817367658377434,
          -0.08754707754060789,
          0.0430321
        ],
        [
          -0.7384610520352648,
          0.06721774389837207,
          -0.6709374408483868,
          0.662863
        ],
        [
          0.0,
          0.0,
          0.0,
          1.0
        ]
      ]
    },
    "bottle": {
      "status": "success",
      "position_error_cm": 40.023,
      "rotation_error_deg": 154.185,
      "add_cm": 42.4339,
      "add_diameter_cm": 27.3601,
      "add_success": false,
      "detection_time_s": 0.6,
      "estimation_time_s": 13.634,
      "total_time_s": 14.234,
      "n_detections_used": 8,
      "T_est": [
        [
          0.11369065207664111,
          -0.5641225938096865,
          -0.8178265162402506,
          -0.6089133257141706
        ],
        [
          -0.13437277078628537,
          -0.824330985546112,
          0.54992938041687,
          0.20501068234443662
        ],
        [
          -0.9843873243757486,
          0.04737181047833963,
          -0.16952141094706782,
          0.6668927920210994
        ],
        [
          0.0,
          0.0,
          0.0,
          1.0
        ]
      ],
      "T_gt": [
        [
          -0.672960780065305,
          0.7356702697013913,
          0.0768963118190904,
          -0.412714
        ],
        [
          0.5071328893044251,
          0.5345693338389885,
          -0.6760561070685525,
          -0.14204
        ],
        [
          -0.5384607888042008,
          -0.4159625963910971,
          -0.7328267853483084,
          0.7022
        ],
        [
          0.0,
          0.0,
          0.0,
          1.0
        ]
      ]
    },
    "crackerbox": {
      "status": "estimation_failed"
    },
    "deodorant": {
      "status": "estimation_failed"
    }
  }
}