{
  "method": "sam3_megapose",
  "results": {
    "lamp": {
      "status": "success",
      "position_error_cm": 254.507,
      "rotation_error_deg": 165.402,
      "add_cm": 255.3647,
      "add_diameter_cm": 13.5559,
      "add_success": false,
      "detection_time_s": 5.701,
      "estimation_time_s": 16.358,
      "total_time_s": 22.059,
      "n_detections_used": 4,
      "T_est": [
        [
          0.9896897077560425,
          0.06476826220750809,
          -0.12774796783924103,
          -0.9800434708595276
        ],
        [
          -0.11040329188108443,
          0.9131709933280945,
          -0.39233896136283863,
          -0.6112645268440255
        ],
        [
          0.09124461561441423,
          0.40239760279655445,
          0.9109064340591431,
          -1.8340826034545898
        ],
        [
          0.0,
          0.0,
          0.0,
          1.0
        ]
      ],
      "T_gt": [
        [
          -0.40863668469155423,
          -0.9126901628088414,
          0.0035674411369348014,
          -0.620966
        ],
        [
          -0.405464361577072,
          0.18503666076968064,
          0.8951871791207151,
          -0.342511
        ],
        [
          -0.8176886396515439,
          0.3643598508112225,
          -0.44567610178427886,
          0.671156
        ],
        [
          0.0,
          0.0,
          0.0,
          1.0
        ]
      ]
    },
    "cone": {
      "status": "success",
      "position_error_cm": 368.645,
      "rotation_error_deg": 177.119,
      "add_cm": 361.1971,
      "add_diameter_cm": 14.9878,
      "add_success": false,
      "detection_time_s": 4.977,
      "estimation_time_s": 6.877,
      "total_time_s": 11.853,
      "n_detections_used": 4,
      "T_est": [
        [
          0.9351913332939148,
          0.09841926395893097,
          0.3401925265789032,
          -1.132574200630188
        ],
        [
          -0.005944174248725219,
          0.9648346900939941,
          -0.2627905011177062,
          -0.6986128091812144
        ],
        [
          -0.35409316420555115,
          0.24373722076416005,
          0.9028899669647217,
          -2.882183074951172
        ],
        [
          0.0,
          0.0,
          0.0,
          1.0
        ]
      ],
      "T_gt": [
        [
          0.2198866048643619,
          0.4624326011586333,
          0.8589563262395152,
          -0.491555
        ],
        [
          0.1147225014628715,
          -0.8866544354863605,
          0.44797618205711026,
          -0.179998
        ],
        [
          0.9687562276751183,
          3.7656660918261586e-05,
          -0.24801485826992392,
          0.710873
        ],
        [
          0.0,
          0.0,
          0.0,
          1.0
        ]
      ]
    },
    "redcup": {
      "status": "success",
      "position_error_cm": 432.212,
      "rotation_error_deg": 83.459,
      "add_cm": 432.1183,
      "add_diameter_cm": 13.6865,
      "add_success": false,
      "detection_time_s": 5.257,
      "estimation_time_s": 15.073,
      "total_time_s": 20.33,
      "n_detections_used": 4,
      "T_est": [
        [
          0.44481468200683594,
          -0.5428802371025085,
          0.7123349905014038,
          0.030934471637010574
        ],
        [
          0.32515955815564207,
          0.8389714141638354,
          0.43634682668035585,
          -4.1494652454916485
        ],
        [
          -0.8345126727365519,
          0.03752902632813542,
          0.549709397979849,
          1.3472616609505568
        ],
        [
          0.0,
          0.0,
          0.0,
          1.0
        ]
      ],
      "T_gt": [
        [
          -0.652799236220772,
          0.17797386748525826,
          0.7363276849894453,
          -0.766106
        ],
        [
          0.16890361694335085,
          0.9817367658377434,
          -0.08754707754060789,
          0.0430321
        ],
        [
          -0.7384610520352648,
          0.06721774389837207,
          -0.6709374408483868,
          0.662863
        ],
        [
          0.0,
          0.0,
          0.0,
          1.0
        ]
      ]
    },
    "bottle": {
      "status": "success",
      "position_error_cm": 424.871,
      "rotation_error_deg": 44.856,
      "add_cm": 425.3802,
      "add_diameter_cm": 27.3601,
      "add_success": false,
      "detection_time_s": 5.38,
      "estimation_time_s": 15.216,
      "total_time_s": 20.596,
      "n_detections_used": 4,
      "T_est": [
        [
          -0.8696481395730342,
          0.23474819622975646,
          0.4342874494418881,
          -4.589453762381465
        ],
        [
          0.19093084335327146,
          0.9711862802505492,
          -0.14262804388999936,
          0.014615501277148722
        ],
        [
          -0.4552556246400712,
          -0.041117340380601664,
          -0.8894108964723347,
          1.4649973136803187
        ],
        [
          0.0,
          0.0,
          0.0,
          1.0
        ]
      ],
      "T_gt": [
        [
          -0.672960780065305,
          0.7356702697013913,
          0.0768963118190904,
          -0.412714
        ],
        [
          0.5071328893044251,
          0.5345693338389885,
          -0.6760561070685525,
          -0.14204
        ],
        [
          -0.5384607888042008,
          -0.4159625963910971,
          -0.7328267853483084,
          0.7022
        ],
        [
          0.0,
          0.0,
          0.0,
          1.0
        ]
      ]
    },
    "crackerbox": {
      "status": "success",
      "position_error_cm": 472.791,
      "rotation_error_deg": 178.874,
      "add_cm": 471.1796,
      "add_diameter_cm": 17.0107,
      "add_success": false,
      "detection_time_s": 5.307,
      "estimation_time_s": 135.237,
      "total_time_s": 140.544,
      "n_detections_used": 4,
      "T_est": [
        [
          -0.6728831529617308,
          0.7103785276412965,
          0.20637565851211553,
          0.05360113084316253
        ],
        [
          -0.3430674481449267,
          -0.5468336445257698,
          0.7637262598271094,
          4.406339403532038
        ],
        [
          0.6553877316356391,
          0.4430977231939378,
          0.6116628630961682,
          1.3066064613121302
        ],
        [
          0.0,
          0.0,
          0.0,
          1.0
        ]
      ],
      "T_gt": [
        [
          0.5555428939171442,
          -0.805942814807939,
          0.2045196134301585,
          -0.300405
        ],
        [
          -0.08037306532378397,
          0.19276647264378066,
          0.9779474716951488,
          -0.26738
        ],
        [
          -0.8275942625396964,
          -0.5597296367746945,
          0.04231394956093304,
          0.686777
        ],
        [
          0.0,
          0.0,
          0.0,
          1.0
        ]
      ]
    },
    "deodorant": {
      "status": "success",
      "position_error_cm": 471.286,
      "rotation_error_deg": 165.09,
      "add_cm": 470.3609,
      "add_diameter_cm": 17.8173,
      "add_success": false,
      "detection_time_s": 5.245,
      "estimation_time_s": 13.22,
      "total_time_s": 18.464,
      "n_detections_used": 4,
      "T_est": [
        [
          0.8866833983970863,
          0.013899729384854216,
          -0.4621682141100794,
          -4.715283753538738
        ],
        [
          -0.009546056389808653,
          0.9998854398727416,
          0.011757180094718931,
          -0.017902553081512448
        ],
        [
          0.4622787782841703,
          -0.006013018946924669,
          0.886714430901256,
          1.4857603558073422
        ],
        [
          0.0,
          0.0,
          0.0,
          1.0
        ]
      ],