{
  "method": "yolo_fp",
  "results": {
    "lamp": {
      "status": "success",
      "yolo_class": "lamp",
      "yolo_conf_used": 0.054145,
      "position_error_cm": 0.069,
      "rotation_error_deg": 12.747,
      "add_cm": 0.1738,
      "add_diameter_cm": 13.5559,
      "add_success": true,
      "detection_time_s": 0.743,
      "estimation_time_s": 1.747,
      "total_time_s": 2.49,
      "n_detections_used": 1,
      "T_est": [
        [
          -0.5998971462249756,
          -0.8000769019126892,
          -6.594532896997407e-05,
          -0.62101149559021
        ],
        [
          -0.35389065742492687,
          0.26527306437492376,
          0.896878719329834,
          -0.34219607710838373
        ],
        [
          -0.7175546884536743,
          0.5380585193634033,
          -0.4422763288021089,
          0.6705455780029297
        ],
        [
          0.0,
          0.0,
          0.0,
          1.0
        ]
      ],
      "T_gt": [
        [
          -0.40863668469155423,
          -0.9126901628088414,
          0.0035674411369348014,
          -0.620966
        ],
        [
          -0.405464361577072,
          0.18503666076968064,
          0.8951871791207151,
          -0.342511
        ],
        [
          -0.8176886396515439,
          0.3643598508112225,
          -0.44567610178427886,
          0.671156
        ],
        [
          0.0,
          0.0,
          0.0,
          1.0
        ]
      ]
    },
    "cone": {
      "status": "success",
      "yolo_class": "cone",
      "yolo_conf_used": 0.002145,
      "position_error_cm": 35.719,
      "rotation_error_deg": 106.182,
      "add_cm": 28.2255,
      "add_diameter_cm": 14.9878,
      "add_success": false,
      "detection_time_s": 0.099,
      "estimation_time_s": 1.642,
      "total_time_s": 1.74,
      "n_detections_used": 1,
      "T_est": [
        [
          0.44157835841178894,
          0.8940230011940002,
          0.07570554316043854,
          -0.499706506729126
        ],
        [
          -0.8289476633071899,
          0.37423628568649286,
          0.41568344831466686,
          -0.5321867465972906
        ],
        [
          0.3432988226413728,
          -0.24631278216838842,
          0.9063531160354614,
          0.6518850326538086
        ],
        [
          0.0,
          0.0,
          0.0,
          1.0
        ]
      ],
      "T_gt": [
        [
          0.2198866048643619,
          0.4624326011586333,
          0.8589563262395152,
          -0.491555
        ],
        [
          0.1147225014628715,
          -0.8866544354863605,
          0.44797618205711026,
          -0.179998
        ],
        [
          0.9687562276751183,
          3.7656660918261586e-05,
          -0.24801485826992392,
          0.710873
        ],
        [
          0.0,
          0.0,
          0.0,
          1.0
        ]
      ]
    },
    "redcup": {
      "status": "class_not_in_model"
    },
    "bottle": {
      "status": "class_not_in_model"
    },
    "crackerbox": {
      "status": "class_not_in_model"
    },
    "deodorant": {
      "status": "class_not_in_model"
    }
  }
}