{
  "method": "yolo_megapose",
  "results": {
    "lamp": {
      "status": "success",
      "yolo_class": "lamp",
      "yolo_conf_used": 0.054145,
      "position_error_cm": 1.276,
      "rotation_error_deg": 6.755,
      "add_cm": 1.3061,
      "add_diameter_cm": 13.5559,
      "add_success": true,
      "detection_time_s": 0.654,
      "estimation_time_s": 3.71,
      "total_time_s": 4.364,
      "n_detections_used": 1,
      "T_est": [
        [
          -0.3075348436832428,
          -0.9515367746353149,
          0.00015214690938591957,
          -0.6198024749755859
        ],
        [
          -0.38394740223884594,
          0.12423733621835711,
          0.9149585962295532,
          -0.34030273556709345
        ],
        [
          -0.8706358671188354,
          0.28132325410842896,
          -0.40354737639427196,
          0.6836738586425781
        ],
        [
          0.0,
          0.0,
          0.0,
          1.0
        ]
      ],
      "T_gt": [
        [
          -0.40863668469155423,
          -0.9126901628088414,
          0.0035674411369348014,
          -0.620966
        ],
        [
          -0.405464361577072,
          0.18503666076968064,
          0.8951871791207151,
          -0.342511
        ],
        [
          -0.8176886396515439,
          0.3643598508112225,
          -0.44567610178427886,
          0.671156
        ],
        [
          0.0,
          0.0,
          0.0,
          1.0
        ]
      ]
    },
    "cone": {
      "status": "success",
      "yolo_class": "cone",
      "yolo_conf_used": 0.002145,
      "position_error_cm": 107.896,
      "rotation_error_deg": 165.003,
      "add_cm": 112.899,
      "add_diameter_cm": 14.9878,
      "add_success": false,
      "detection_time_s": 0.073,
      "estimation_time_s": 1.924,
      "total_time_s": 1.997,
      "n_detections_used": 1,
      "T_est": [
        [
          -0.3387558162212372,
          -0.8838388919830322,
          0.3226040303707123,
          -0.3361332416534424
        ],
        [
          -0.5944442749023439,
          0.46682634949684143,
          0.6547588706016539,
          -0.18718081712722817
        ],
        [
          -0.7293013930320739,
          0.030033260583877508,
          -0.6835331320762635,
          1.7785546779632568
        ],
        [
          0.0,
          0.0,
          0.0,
          1.0
        ]
      ],
      "T_gt": [
        [
          0.2198866048643619,
          0.4624326011586333,
          0.8589563262395152,
          -0.491555
        ],
        [
          0.1147225014628715,
          -0.8866544354863605,
          0.44797618205711026,
          -0.179998
        ],
        [
          0.9687562276751183,
          3.7656660918261586e-05,
          -0.24801485826992392,
          0.710873
        ],
        [
          0.0,
          0.0,
          0.0,
          1.0
        ]
      ]
    },
    "redcup": {
      "status": "class_not_in_model"
    },
    "bottle": {
      "status": "class_not_in_model"
    },
    "crackerbox": {
      "status": "class_not_in_model"
    },
    "deodorant": {
      "status": "class_not_in_model"
    }
  }
}