{
  "method": "sam2_fp",
  "results": {
    "lamp": {
      "status": "success",
      "position_error_cm": 62.152,
      "rotation_error_deg": 163.705,
      "add_cm": 62.372,
      "add_diameter_cm": 13.5559,
      "add_success": false,
      "detection_time_s": 1.782,
      "estimation_time_s": 13.363,
      "total_time_s": 15.145,
      "n_detections_used": 8,
      "T_est": [
        [
          -0.3092568814754486,
          -0.4446181654930115,
          -0.8406395316123962,
          -0.16974979639053345
        ],
        [
          0.8913534879684448,
          0.17255856096744526,
          -0.4191806316375732,
          -0.7698994874954229
        ],
        [
          0.3314349055290221,
          -0.8789414763450623,
          0.34294709563255316,
          0.6761627197265625
        ],
        [
          0.0,
          0.0,
          0.0,
          1.0
        ]
      ],
      "T_gt": [
        [
          -0.40863668469155423,
          -0.9126901628088414,
          0.0035674411369348014,
          -0.620966
        ],
        [
          -0.405464361577072,
          0.18503666076968064,
          0.8951871791207151,
          -0.342511
        ],
        [
          -0.8176886396515439,
          0.3643598508112225,
          -0.44567610178427886,
          0.671156
        ],
        [
          0.0,
          0.0,
          0.0,
          1.0
        ]
      ]
    },
    "cone": {
      "status": "success",
      "position_error_cm": 68.451,
      "rotation_error_deg": 132.054,
      "add_cm": 64.9392,
      "add_diameter_cm": 14.9878,
      "add_success": false,
      "detection_time_s": 1.265,
      "estimation_time_s": 13.073,
      "total_time_s": 14.337,
      "n_detections_used": 8,
      "T_est": [
        [
          -0.26177075505256653,
          -0.37813085317611694,
          0.8879714012145996,
          -0.18153756856918335
        ],
        [
          0.7101578712463378,
          0.5475785732269288,
          0.44253110885620117,
          -0.7836434245109564
        ],
        [
          -0.6535685658454896,
          0.7464414834976195,
          0.12519246339797968,
          0.6211576461791992
        ],
        [
          0.0,
          0.0,
          0.0,
          1.0
        ]
      ],
      "T_gt": [
        [
          0.2198866048643619,
          0.4624326011586333,
          0.8589563262395152,
          -0.491555
        ],
        [
          0.1147225014628715,
          -0.8866544354863605,
          0.44797618205711026,
          -0.179998
        ],
        [
          0.9687562276751183,
          3.7656660918261586e-05,
          -0.24801485826992392,
          0.710873
        ],
        [
          0.0,
          0.0,
          0.0,
          1.0
        ]
      ]
    },
    "redcup": {
      "status": "success",
      "position_error_cm": 100.882,
      "rotation_error_deg": 62.243,
      "add_cm": 105.2213,
      "add_diameter_cm": 13.6865,
      "add_success": false,
      "detection_time_s": 1.272,
      "estimation_time_s": 13.619,
      "total_time_s": 14.891,
      "n_detections_used": 8,
      "T_est": [
        [
          -0.637879490852356,
          0.7692631483078003,
          -0.03666035085916519,
          -0.18245714902877808
        ],
        [
          0.7696587295208559,
          0.6384374119969268,
          0.004826774893318274,
          -0.7795685726316863
        ],
        [
          0.027118374148955,
          -0.02513703933288749,
          -0.9993162881086453,
          0.6828618539394756
        ],
        [
          0.0,
          0.0,
          0.0,
          1.0
        ]
      ],
      "T_gt": [
        [
          -0.652799236220772,
          0.17797386748525826,
          0.7363276849894453,
          -0.766106
        ],
        [
          0.16890361694335085,
          0.9817367658377434,
          -0.08754707754060789,
          0.0430321
        ],
        [
          -0.7384610520352648,
          0.06721774389837207,
          -0.6709374408483868,
          0.662863
        ],
        [
          0.0,
          0.0,
          0.0,
          1.0
        ]
      ]
    },
    "bottle": {
      "status": "success",
      "position_error_cm": 40.364,
      "rotation_error_deg": 154.989,
      "add_cm": 42.562,
      "add_diameter_cm": 27.3601,
      "add_success": false,
      "detection_time_s": 1.267,
      "estimation_time_s": 13.612,
      "total_time_s": 14.879,
      "n_detections_used": 8,
      "T_est": [
        [
          -0.2618979202984444,
          -0.5962267916734357,
          -0.7588959526265411,
          -0.6113935052321224
        ],
        [
          0.09756616503000258,
          -0.7986711263656615,
          0.5938057899475097,
          0.20772202312946317
        ],
        [
          -0.9601512351735098,
          0.08147391107311654,
          0.26734191999983675,
          0.6687497283402835
        ],
        [
          0.0,
          0.0,
          0.0,
          1.0
        ]
      ],
      "T_gt": [
        [
          -0.672960780065305,
          0.7356702697013913,
          0.0768963118190904,
          -0.412714
        ],
        [
          0.5071328893044251,
          0.5345693338389885,
          -0.6760561070685525,
          -0.14204
        ],
        [
          -0.5384607888042008,
          -0.4159625963910971,
          -0.7328267853483084,
          0.7022
        ],
        [
          0.0,
          0.0,
          0.0,
          1.0
        ]
      ]
    },
    "crackerbox": {
      "status": "estimation_failed"
    },
    "deodorant": {
      "status": "estimation_failed"
    }
  }
}