{
  "method": "gdino_megapose",
  "results": {
    "lamp": {
      "status": "success",
      "position_error_cm": 138.659,
      "rotation_error_deg": 151.611,
      "add_cm": 138.6102,
      "add_diameter_cm": 13.5559,
      "add_success": false,
      "detection_time_s": 1.329,
      "estimation_time_s": 27.107,
      "total_time_s": 28.436,
      "n_detections_used": 8,
      "T_est": [
        [
          -0.38487210869789124,
          -0.13316842913627625,
          -0.9133124947547913,
          -0.09662552177906036
        ],
        [
          0.9085032939910889,
          -0.2291725128889085,
          -0.3494303524494171,
          -0.5512423515319828
        ],
        [
          -0.1627730131149293,
          -0.9642334580421448,
          0.20918607711791998,
          1.9377009868621826
        ],
        [
          0.0,
          0.0,
          0.0,
          1.0
        ]
      ],
      "T_gt": [
        [
          -0.40863668469155423,
          -0.9126901628088414,
          0.0035674411369348014,
          -0.620966
        ],
        [
          -0.405464361577072,
          0.18503666076968064,
          0.8951871791207151,
          -0.342511
        ],
        [
          -0.8176886396515439,
          0.3643598508112225,
          -0.44567610178427886,
          0.671156
        ],
        [
          0.0,
          0.0,
          0.0,
          1.0
        ]
      ]
    },
    "cone": {
      "status": "success",
      "position_error_cm": 192.563,
      "rotation_error_deg": 81.908,
      "add_cm": 197.9166,
      "add_diameter_cm": 14.9878,
      "add_success": false,
      "detection_time_s": 0.555,
      "estimation_time_s": 13.862,
      "total_time_s": 14.417,
      "n_detections_used": 8,
      "T_est": [
        [
          -0.9118209481239319,
          0.2355853170156479,
          0.33627691864967346,
          -0.0579056590795517
        ],
        [
          -0.15528386831283564,
          -0.9560462236404419,
          0.2487217038869859,
          -0.4507280886173251
        ],
        [
          0.38009142875671387,
          0.17457127571105968,
          0.9083255529403687,
          2.56740665435791
        ],
        [
          0.0,
          0.0,
          0.0,
          1.0
        ]
      ],
      "T_gt": [
        [
          0.2198866048643619,
          0.4624326011586333,
          0.8589563262395152,
          -0.491555
        ],
        [
          0.1147225014628715,
          -0.8866544354863605,
          0.44797618205711026,
          -0.179998
        ],
        [
          0.9687562276751183,
          3.7656660918261586e-05,
          -0.24801485826992392,
          0.710873
        ],
        [
          0.0,
          0.0,
          0.0,
          1.0
        ]
      ]
    },
    "redcup": {
      "status": "success",
      "position_error_cm": 104.651,
      "rotation_error_deg": 98.11,
      "add_cm": 105.6376,
      "add_diameter_cm": 13.6865,
      "add_success": false,
      "detection_time_s": 0.563,
      "estimation_time_s": 33.277,
      "total_time_s": 33.84,
      "n_detections_used": 8,
      "T_est": [
        [
          0.6921583414077759,
          0.41473108530044556,
          0.5906901955604553,
          -0.17876775562763214
        ],
        [
          -0.45605967160231187,
          0.8856449900436202,
          -0.08742136608935468,
          -0.8228447422602931
        ],
        [
          -0.5593980913620322,
          -0.2088805514926198,
          0.8021487019475582,
          0.6845821723818266
        ],
        [
          0.0,
          0.0,
          0.0,
          1.0
        ]
      ],
      "T_gt": [
        [
          -0.652799236220772,
          0.17797386748525826,
          0.7363276849894453,
          -0.766106
        ],
        [
          0.16890361694335085,
          0.9817367658377434,
          -0.08754707754060789,
          0.0430321
        ],
        [
          -0.7384610520352648,
          0.06721774389837207,
          -0.6709374408483868,
          0.662863
        ],
        [
          0.0,
          0.0,
          0.0,
          1.0
        ]
      ]
    },
    "bottle": {
      "status": "success",
      "position_error_cm": 41.038,
      "rotation_error_deg": 149.143,
      "add_cm": 42.9736,
      "add_diameter_cm": 27.3601,
      "add_success": false,
      "detection_time_s": 0.558,
      "estimation_time_s": 29.15,
      "total_time_s": 29.708,
      "n_detections_used": 8,
      "T_est": [
        [
          -0.6428664566522007,
          -0.5357258442043379,
          -0.5474676098954123,
          -0.626704544452382
        ],
        [
          0.3846161067485809,
          -0.8438609242439269,
          0.37412494421005243,
          0.2073830813169479
        ],
        [
          -0.6624149410314598,
          0.029947506122471067,
          0.7485385044968534,
          0.6793000064514916
        ],
        [
          0.0,
          0.0,
          0.0,
          1.0
        ]
      ],
      "T_gt": [
        [
          -0.672960780065305,
          0.7356702697013913,
          0.0768963118190904,
          -0.412714
        ],
        [
          0.5071328893044251,
          0.5345693338389885,
          -0.6760561070685525,
          -0.14204
        ],
        [
          -0.5384607888042008,
          -0.4159625963910971,
          -0.7328267853483084,
          0.7022
        ],
        [
          0.0,
          0.0,
          0.0,
          1.0
        ]
      ]
    },
    "crackerbox": {
      "status": "success",
      "position_error_cm": 463.703,
      "rotation_error_deg": 179.267,
      "add_cm": 452.115,
      "add_diameter_cm": 17.0107,
      "add_success": false,
      "detection_time_s": 0.558,
      "estimation_time_s": 267.883,
      "total_time_s": 268.441,
      "n_detections_used": 8,
      "T_est": [
        [
          0.5721509456634523,
          -0.7132068276405333,
          -0.4049435555934906,
          -0.0139558333903551
        ],
        [
          -0.2703014138046682,
          0.30217876773050084,
          -0.9141253692772426,
          4.305893138859382
        ],
        [
          0.7743258831187205,
          0.6324744986773171,
          -0.01988894763218903,
          1.397548459644721
        ],
        [
          0.0,
          0.0,
          0.0,
          1.0
        ]
      ],
      "T_gt": [
        [
          0.5555428939171442,
          -0.805942814807939,
          0.2045196134301585,
          -0.300405
        ],
        [
          -0.08037306532378397,
          0.19276647264378066,
          0.9779474716951488,
          -0.26738
        ],
        [
          -0.8275942625396964,
          -0.5597296367746945,
          0.04231394956093304,
          0.686777
        ],
        [
          0.0,
          0.0,
          0.0,
          1.0
        ]
      ]
    },
    "deodorant": {
      "status": "success",
      "position_error_cm": 108.107,
      "rotation_error_deg": 139.075,
      "add_cm": 109.9702,
      "add_diameter_cm": 17.8173,
      "add_success": false,
      "detection_time_s": 0.576,
      "estimation_time_s": 29.586,
      "total_time_s": 30.162,
      "n_detections_used": 8,
      "T_est": [
        [
          -0.523444149734579,
          -0.2738344760650691,
          -0.8068587097802933,
          -0.6310071954694427
        ],
        [
          -0.22025106847286222,
          0.9582515954971312,
          -0.18232835829257962,
          0.2164759039878845
        ],
        [
          0.8231012929175726,
          0.08227277150571838,
          -0.5619034051622009,
          0.6735687471605746
        ],
        [
          0.0,
          0.0,
          0.0,
          1.0
        ]
      ],