{
  "method": "sam2_megapose",
  "results": {
    "lamp": {
      "status": "success",
      "position_error_cm": 90.633,
      "rotation_error_deg": 140.784,
      "add_cm": 90.6412,
      "add_diameter_cm": 13.5559,
      "add_success": false,
      "detection_time_s": 2.475,
      "estimation_time_s": 13.591,
      "total_time_s": 16.066,
      "n_detections_used": 4,
      "T_est": [
        [
          -0.4629388451576233,
          -0.008270852267742157,
          -0.8863515853881836,
          -0.09995841234922409
        ],
        [
          0.728077471256256,
          -0.5738814473152162,
          -0.37491759657859797,
          -0.6822443008422856
        ],
        [
          -0.5055599212646485,
          -0.8188966512680053,
          0.2716938257217408,
          1.3303711414337158
        ],
        [
          0.0,
          0.0,
          0.0,
          1.0
        ]
      ],
      "T_gt": [
        [
          -0.40863668469155423,
          -0.9126901628088414,
          0.0035674411369348014,
          -0.620966
        ],
        [
          -0.405464361577072,
          0.18503666076968064,
          0.8951871791207151,
          -0.342511
        ],
        [
          -0.8176886396515439,
          0.3643598508112225,
          -0.44567610178427886,
          0.671156
        ],
        [
          0.0,
          0.0,
          0.0,
          1.0
        ]
      ]
    },
    "cone": {
      "status": "success",
      "position_error_cm": 80.39,
      "rotation_error_deg": 137.307,
      "add_cm": 74.5629,
      "add_diameter_cm": 14.9878,
      "add_success": false,
      "detection_time_s": 1.845,
      "estimation_time_s": 6.935,
      "total_time_s": 8.78,
      "n_detections_used": 4,
      "T_est": [
        [
          -0.3793957233428955,
          -0.12259351462125778,
          0.917076826095581,
          -0.10567010194063187
        ],
        [
          -0.7785615324974061,
          0.5778335332870482,
          -0.24484784901142123,
          -0.8102101087570196
        ],
        [
          -0.4999009370803832,
          -0.8068950176239015,
          -0.3146741390228271,
          0.39435625076293945
        ],
        [
          0.0,
          0.0,
          0.0,
          1.0
        ]
      ],
      "T_gt": [
        [
          0.2198866048643619,
          0.4624326011586333,
          0.8589563262395152,
          -0.491555
        ],
        [
          0.1147225014628715,
          -0.8866544354863605,
          0.44797618205711026,
          -0.179998
        ],
        [
          0.9687562276751183,
          3.7656660918261586e-05,
          -0.24801485826992392,
          0.710873
        ],
        [
          0.0,
          0.0,
          0.0,
          1.0
        ]
      ]
    },
    "redcup": {
      "status": "success",
      "position_error_cm": 103.938,
      "rotation_error_deg": 110.428,
      "add_cm": 105.1897,
      "add_diameter_cm": 13.6865,
      "add_success": false,
      "detection_time_s": 1.918,
      "estimation_time_s": 16.868,
      "total_time_s": 18.786,
      "n_detections_used": 4,
      "T_est": [
        [
          0.7876371741294861,
          0.4744698405265808,
          0.39307278394699097,
          -0.17364247143268585
        ],
        [
          -0.48251129920840563,
          0.8717185496148901,
          -0.08537938246579276,
          -0.8107865328730348
        ],
        [
          -0.3831587222940929,
          -0.12241410150074072,
          0.9155349628332581,
          0.6800467205657509
        ],
        [
          0.0,
          0.0,
          0.0,
          1.0
        ]
      ],
      "T_gt": [
        [
          -0.652799236220772,
          0.17797386748525826,
          0.7363276849894453,
          -0.766106
        ],
        [
          0.16890361694335085,
          0.9817367658377434,
          -0.08754707754060789,
          0.0430321
        ],
        [
          -0.7384610520352648,
          0.06721774389837207,
          -0.6709374408483868,
          0.662863
        ],
        [
          0.0,
          0.0,
          0.0,
          1.0
        ]
      ]
    },
    "bottle": {
      "status": "success",
      "position_error_cm": 41.003,
      "rotation_error_deg": 149.014,
      "add_cm": 42.9439,
      "add_diameter_cm": 27.3601,
      "add_success": false,
      "detection_time_s": 1.918,
      "estimation_time_s": 14.733,
      "total_time_s": 16.65,
      "n_detections_used": 4,
      "T_est": [
        [
          -0.6049040430419762,
          -0.5352105504437212,
          -0.5896107324151616,
          -0.6262865464824134
        ],
        [
          0.3591415882110595,
          -0.8442234992980956,
          0.3978745341300964,
          0.2071597725152969
        ],
        [
          -0.7107098929812806,
          0.028922151231383586,
          0.7028904462288553,
          0.678347025663576
        ],
        [
          0.0,
          0.0,
          0.0,
          1.0
        ]
      ],
      "T_gt": [
        [
          -0.672960780065305,
          0.7356702697013913,
          0.0768963118190904,
          -0.412714
        ],
        [
          0.5071328893044251,
          0.5345693338389885,
          -0.6760561070685525,
          -0.14204
        ],
        [
          -0.5384607888042008,
          -0.4159625963910971,
          -0.7328267853483084,
          0.7022
        ],
        [
          0.0,
          0.0,
          0.0,
          1.0
        ]
      ]
    },
    "crackerbox": {
      "status": "success",
      "position_error_cm": 423.282,
      "rotation_error_deg": 145.034,
      "add_cm": 414.5732,
      "add_diameter_cm": 17.0107,
      "add_success": false,
      "detection_time_s": 1.908,
      "estimation_time_s": 133.521,
      "total_time_s": 135.429,
      "n_detections_used": 4,
      "T_est": [
        [
          0.6822887063026428,
          -0.6981458067893981,
          0.21696682274341592,
          0.008884906768798842
        ],
        [
          0.4941338764774685,
          0.2216554089719019,
          -0.8406548881272324,
          3.905921293718541
        ],
        [
          0.5388077263736566,
          0.680780004329418,
          0.49621050686382506,
          1.3229330085455948
        ],
        [
          0.0,
          0.0,
          0.0,
          1.0
        ]
      ],
      "T_gt": [
        [
          0.5555428939171442,
          -0.805942814807939,
          0.2045196134301585,
          -0.300405
        ],
        [
          -0.08037306532378397,
          0.19276647264378066,
          0.9779474716951488,
          -0.26738
        ],
        [
          -0.8275942625396964,
          -0.5597296367746945,
          0.04231394956093304,
          0.686777
        ],
        [
          0.0,
          0.0,
          0.0,
          1.0
        ]
      ]
    },
    "deodorant": {
      "status": "success",
      "position_error_cm": 109.345,
      "rotation_error_deg": 179.686,
      "add_cm": 110.5468,
      "add_diameter_cm": 17.8173,
      "add_success": false,
      "detection_time_s": 1.913,
      "estimation_time_s": 14.611,
      "total_time_s": 16.524,
      "n_detections_used": 4,
      "T_est": [
        [
          0.4715966257242674,
          0.5295453132009034,
          -0.7051088665954782,
          -0.6417181097444793
        ],
        [
          -0.2814390361309051,
          0.8481792211532592,
          0.4487586319446563,
          0.22483912110328672
        ],
        [
          0.8356966149605797,
          -0.013187872835815033,
          0.5490331924719949,
          0.6775868718913917
        ],
        [
          0.0,
          0.0,
          0.0,
          1.0
        ]
      ],