{
  "method": "sam3_fp",
  "results": {
    "lamp": {
      "status": "success",
      "position_error_cm": 0.062,
      "rotation_error_deg": 18.513,
      "add_cm": 0.2173,
      "add_diameter_cm": 13.5559,
      "add_success": true,
      "detection_time_s": 8.699,
      "estimation_time_s": 13.546,
      "total_time_s": 22.244,
      "n_detections_used": 8,
      "T_est": [
        [
          -0.677262544631958,
          -0.7357386350631714,
          0.002062832936644554,
          -0.6209439635276794
        ],
        [
          -0.3238613307476044,
          0.30063644051551824,
          0.8970683813095093,
          -0.34210371971130427
        ],
        [
          -0.6606279015541077,
          0.6068826913833618,
          -0.44188714027404796,
          0.670689582824707
        ],
        [
          0.0,
          0.0,
          0.0,
          1.0
        ]
      ],
      "T_gt": [
        [
          -0.40863668469155423,
          -0.9126901628088414,
          0.0035674411369348014,
          -0.620966
        ],
        [
          -0.405464361577072,
          0.18503666076968064,
          0.8951871791207151,
          -0.342511
        ],
        [
          -0.8176886396515439,
          0.3643598508112225,
          -0.44567610178427886,
          0.671156
        ],
        [
          0.0,
          0.0,
          0.0,
          1.0
        ]
      ]
    },
    "cone": {
      "status": "success",
      "position_error_cm": 30.76,
      "rotation_error_deg": 176.907,
      "add_cm": 26.0681,
      "add_diameter_cm": 14.9878,
      "add_success": false,
      "detection_time_s": 4.788,
      "estimation_time_s": 13.145,
      "total_time_s": 17.933,
      "n_detections_used": 8,
      "T_est": [
        [
          -0.505940318107605,
          -0.8544127941131592,
          0.11833465844392776,
          -0.5981577038764954
        ],
        [
          -0.5450608134269715,
          0.4230107665061951,
          0.7238580584526061,
          -0.4618149399757391
        ],
        [
          -0.6685304641723632,
          0.30172950029373163,
          -0.6797253489494325,
          0.6489653587341309
        ],
        [
          0.0,
          0.0,
          0.0,
          1.0
        ]
      ],
      "T_gt": [
        [
          0.2198866048643619,
          0.4624326011586333,
          0.8589563262395152,
          -0.491555
        ],
        [
          0.1147225014628715,
          -0.8866544354863605,
          0.44797618205711026,
          -0.179998
        ],
        [
          0.9687562276751183,
          3.7656660918261586e-05,
          -0.24801485826992392,
          0.710873
        ],
        [
          0.0,
          0.0,
          0.0,
          1.0
        ]
      ]
    },
    "redcup": {
      "status": "success",
      "position_error_cm": 112.763,
      "rotation_error_deg": 174.98,
      "add_cm": 120.2796,
      "add_diameter_cm": 13.6865,
      "add_success": false,
      "detection_time_s": 4.756,
      "estimation_time_s": 13.705,
      "total_time_s": 18.462,
      "n_detections_used": 8,
      "T_est": [
        [
          0.799247145652771,
          0.03675162047147751,
          0.5998781323432922,
          0.13766604661941528
        ],
        [
          -0.07419130382741716,
          -0.9844608845497169,
          0.15916179527831065,
          -0.6311956934478298
        ],
        [
          0.5964056397604475,
          -0.17171518388525311,
          -0.7841008130322616,
          0.6754204376123976
        ],
        [
          0.0,
          0.0,
          0.0,
          1.0
        ]
      ],
      "T_gt": [
        [
          -0.652799236220772,
          0.17797386748525826,
          0.7363276849894453,
          -0.766106
        ],
        [
          0.16890361694335085,
          0.9817367658377434,
          -0.08754707754060789,
          0.0430321
        ],
        [
          -0.7384610520352648,
          0.06721774389837207,
          -0.6709374408483868,
          0.662863
        ],
        [
          0.0,
          0.0,
          0.0,
          1.0
        ]
      ]
    },
    "bottle": {
      "status": "success",
      "position_error_cm": 54.378,
      "rotation_error_deg": 26.67,
      "add_cm": 54.2733,
      "add_diameter_cm": 27.3601,
      "add_success": false,
      "detection_time_s": 4.708,
      "estimation_time_s": 13.693,
      "total_time_s": 18.401,
      "n_detections_used": 8,
      "T_est": [
        [
          -0.33226286363690144,
          0.9229523375953598,
          0.1943199097582955,
          -0.769144207303686
        ],
        [
          0.4334167540073394,
          0.3323912620544433,
          -0.8376550674438475,
          0.0031788637861609455
        ],
        [
          -0.8377058895243753,
          -0.19410007460786105,
          -0.5104643770138592,
          0.3180509529765414
        ],
        [
          0.0,
          0.0,
          0.0,
          1.0
        ]
      ],
      "T_gt": [
        [
          -0.672960780065305,
          0.7356702697013913,
          0.0768963118190904,
          -0.412714
        ],
        [
          0.5071328893044251,
          0.5345693338389885,
          -0.6760561070685525,
          -0.14204
        ],
        [
          -0.5384607888042008,
          -0.4159625963910971,
          -0.7328267853483084,
          0.7022
        ],
        [
          0.0,
          0.0,
          0.0,
          1.0
        ]
      ]
    },
    "crackerbox": {
      "status": "estimation_failed"
    },
    "deodorant": {
      "status": "success",
      "position_error_cm": 102.667,
      "rotation_error_deg": 73.425,
      "add_cm": 102.884,
      "add_diameter_cm": 17.8173,
      "add_success": false,
      "detection_time_s": 4.715,
      "estimation_time_s": 13.779,
      "total_time_s": 18.494,
      "n_detections_used": 8,
      "T_est": [
        [
          -0.04209783979498844,
          -0.9931179504641603,
          0.10929059657315608,
          -0.7198217880347659
        ],
        [
          -0.9981082677841185,
          0.036897517740726464,
          -0.049177326261997216,
          0.024642348289489743
        ],
        [
          0.04480633932976917,
          -0.11115408755652961,
          -0.9927925175901399,
          0.3372888300179784
        ],
        [
          0.0,
          0.0,
          0.0,
          1.0
        ]
      ],
      "T_gt": [
        [
          0.23823597066395102,
          -0.84385301976829,
          -0.4807865465149207,
          -0.128106
        ],
        [
          -0.41742026904486373,
          -0.5359507016948034,
          0.7338372873759974,
          -0.74047
        ],
        [
          -0.8769286979408984,
          0.02586361113198754,
          -0.4799240901922873,
          0.681569
        ],
        [
          0.0,
          0.0,
          0.0,
          1.0
        ]
      ]
    }
  }
}